var1,var2,value,Category
SGOT/SGPT RATIO,EGFR,0.86,LFT
SGOT/SGPT RATIO,VITAMIN D 25 HYDROXY (TOTAL),0.76,LFT
SGOT/SGPT RATIO,NON-IONIZED CALCIUM,0.75,LFT
SERUM URIC ACID,EPITHELIAL CELLS,0.75,KFT
SERUM URIC ACID,MONOCYTE,0.83,KFT
SERUM URIC ACID,VOLUME,0.96,KFT
SERUM URIC ACID,GLOBULIN SERUM,0.9,KFT
SERUM URIC ACID,ABSOLUTE NEUTROPHIL COUNT(ANC),0.88,KFT
SERUM URIC ACID,ABSOLUTE MONOCYTE COUNT(AMC),0.99,KFT
SERUM URIC ACID,TOTAL CALCIUM (CA),0.79,KFT
SERUM URIC ACID,TOTAL LEUCOCYTE COUNT (TLC),0.83,KFT
ABSOLUTE BASOPHIL COUNT,BASOPHIL,0.94,DLC
ABSOLUTE BASOPHIL COUNT,PDW,0.97,DLC
ABSOLUTE BASOPHIL COUNT,MEAN CORPUSCULAR VOLUME (MCV),0.71,DLC
EGFR,SGOT/SGPT RATIO,0.86,KFT
EGFR,VITAMIN D 25 HYDROXY (TOTAL),0.7,KFT
EGFR,TOTAL CHOLESTEROL / HDL CHOLESTEROL,0.73,KFT
EGFR,THYROID STIMULATING HORMONE - TSH,0.82,KFT
EGFR,% SATURATION TRANSFERRIN,0.7,KFT
EGFR,LIC (METHOD: FLOW CYTOMETRY),0.81,KFT
EGFR,LDL / HDL CHOLESTEROL RATIO,0.77,KFT
EGFR,ALKALINE PHOSPHATASE (ALP),0.81,KFT
VITAMIN D 25 HYDROXY (TOTAL),SGOT/SGPT RATIO,0.76,Vitamins
VITAMIN D 25 HYDROXY (TOTAL),EGFR,0.7,Vitamins
VITAMIN D 25 HYDROXY (TOTAL),ALKALINE PHOSPHATASE (ALP),0.77,Vitamins
VITAMIN D 25 HYDROXY (TOTAL),MEAN CORPUSCULAR VOLUME (MCV),0.76,Vitamins
BILIRUBIN DIRECT,TOTAL CHOLESTEROL / HDL CHOLESTEROL,0.8,LFT
BILIRUBIN DIRECT,% SATURATION TRANSFERRIN,0.79,LFT
BILIRUBIN DIRECT,LOW DENSITY LIPOPROTEIN,0.8,LFT
BILIRUBIN DIRECT,MEAN CORPUSCULAR HAEMOGLOBIN (MCH),0.7,LFT
BILIRUBIN DIRECT,NON- HDL CHOLESTEROL,0.77,LFT
BILIRUBIN DIRECT,LDL / HDL CHOLESTEROL RATIO,0.78,LFT
BILIRUBIN DIRECT,MEAN CORPUSCULAR HB CONCENTRATION (MCHC),0.84,LFT
BILIRUBIN DIRECT,RBC DISTRIBUTION WIDTH (RDW-CV),0.84,LFT
BILIRUBIN DIRECT,SERUM VITAMIN B12,0.73,LFT
HBA1C (GLYCOSYLATED HEMOGLOBIN),IRON (FE),0.95,Anemia
HBA1C (GLYCOSYLATED HEMOGLOBIN),THYROID STIMULATING HORMONE - TSH,0.87,Anemia
HBA1C (GLYCOSYLATED HEMOGLOBIN),% SATURATION TRANSFERRIN,0.75,Anemia
HBA1C (GLYCOSYLATED HEMOGLOBIN),LIC (METHOD: FLOW CYTOMETRY),0.71,Anemia
HBA1C (GLYCOSYLATED HEMOGLOBIN),TIBC,0.72,Anemia
HBA1C (GLYCOSYLATED HEMOGLOBIN),TRANSFERRIN SERUM,0.72,Anemia
HBA1C (GLYCOSYLATED HEMOGLOBIN),ALKALINE PHOSPHATASE (ALP),0.84,Anemia
EPITHELIAL CELLS,SERUM URIC ACID,0.75,Urine
EPITHELIAL CELLS,VOLUME,0.88,Urine
EPITHELIAL CELLS,VERY LOW DENSITY LIPOPROTEIN VLDL,0.86,Urine
EPITHELIAL CELLS,ABSOLUTE NEUTROPHIL COUNT(ANC),0.74,Urine
EPITHELIAL CELLS,TRIGLYCERIDES SERUM,0.86,Urine
EPITHELIAL CELLS,ABSOLUTE MONOCYTE COUNT(AMC),0.72,Urine
EPITHELIAL CELLS,ABSOLUTE EOSINOPHIL COUNT (AEC),0.95,Urine
EPITHELIAL CELLS,SGOT / AST,0.78,Urine
EPITHELIAL CELLS,TOTAL LEUCOCYTE COUNT (TLC),0.7,Urine
ALBUMIN SERUM,UIBC,0.74,LFT
ALBUMIN SERUM,TIBC,0.78,LFT
ALBUMIN SERUM,TRANSFERRIN SERUM,0.78,LFT
ALBUMIN SERUM,ALKALINE PHOSPHATASE (ALP),0.91,LFT
TOTAL CHOLESTEROL / HDL CHOLESTEROL,EGFR,0.73,Lipids
TOTAL CHOLESTEROL / HDL CHOLESTEROL,BILIRUBIN DIRECT,0.8,Lipids
TOTAL CHOLESTEROL / HDL CHOLESTEROL,% SATURATION TRANSFERRIN,0.89,Lipids
TOTAL CHOLESTEROL / HDL CHOLESTEROL,MEAN CORPUSCULAR HAEMOGLOBIN (MCH),0.79,Lipids
TOTAL CHOLESTEROL / HDL CHOLESTEROL,LDL / HDL CHOLESTEROL RATIO,0.98,Lipids
TOTAL CHOLESTEROL / HDL CHOLESTEROL,LDH,0.82,Lipids
MONOCYTE,SERUM URIC ACID,0.83,DLC
MONOCYTE,VOLUME,0.74,DLC
MONOCYTE,GLOBULIN SERUM,0.81,DLC
MONOCYTE,P-LCR,0.82,DLC
MONOCYTE,ABSOLUTE MONOCYTE COUNT(AMC),0.86,DLC
MONOCYTE,TOTAL CALCIUM (CA),0.86,DLC
IRON (FE),HBA1C (GLYCOSYLATED HEMOGLOBIN),0.95,Anemia
IRON (FE),THYROID STIMULATING HORMONE - TSH,0.85,Anemia
IRON (FE),% SATURATION TRANSFERRIN,0.86,Anemia
IRON (FE),ESTIMATED AVERAGE PLASMA GLUCOSE,0.95,Anemia
IRON (FE),ALKALINE PHOSPHATASE (ALP),0.85,Anemia
VOLUME,SERUM URIC ACID,0.96,Urine
VOLUME,EPITHELIAL CELLS,0.88,Urine
VOLUME,MONOCYTE,0.74,Urine
VOLUME,GLOBULIN SERUM,0.79,Urine
VOLUME,ABSOLUTE NEUTROPHIL COUNT(ANC),0.84,Urine
VOLUME,ABSOLUTE MONOCYTE COUNT(AMC),0.93,Urine
VOLUME,ABSOLUTE EOSINOPHIL COUNT (AEC),0.78,Urine
VOLUME,TOTAL LEUCOCYTE COUNT (TLC),0.83,Urine
THYROID STIMULATING HORMONE - TSH,EGFR,0.82,Thyroid
THYROID STIMULATING HORMONE - TSH,HBA1C (GLYCOSYLATED HEMOGLOBIN),0.87,Thyroid
THYROID STIMULATING HORMONE - TSH,IRON (FE),0.85,Thyroid
THYROID STIMULATING HORMONE - TSH,% SATURATION TRANSFERRIN,0.82,Thyroid
THYROID STIMULATING HORMONE - TSH,LIC (METHOD: FLOW CYTOMETRY),0.93,Thyroid
THYROID STIMULATING HORMONE - TSH,P-LCR,0.74,Thyroid
THYROID STIMULATING HORMONE - TSH,ESTIMATED AVERAGE PLASMA GLUCOSE,0.87,Thyroid
THYROID STIMULATING HORMONE - TSH,ALKALINE PHOSPHATASE (ALP),0.99,Thyroid
THYROID STIMULATING HORMONE - TSH,POTASSIUM (K+),0.78,Thyroid
HIGH DENSITY LIPOPROTEIN CHOLESTEROL,SGPT / ALT,0.8,Lipids
HIGH DENSITY LIPOPROTEIN CHOLESTEROL,TOTAL THYROXINE - T4,0.72,Lipids
HIGH DENSITY LIPOPROTEIN CHOLESTEROL,PLATELET COUNT,0.81,Lipids
HIGH DENSITY LIPOPROTEIN CHOLESTEROL,SERUM CREATININE,0.96,Lipids
% SATURATION TRANSFERRIN,EGFR,0.7,Anemia
% SATURATION TRANSFERRIN,BILIRUBIN DIRECT,0.79,Anemia
% SATURATION TRANSFERRIN,HBA1C (GLYCOSYLATED HEMOGLOBIN),0.75,Anemia
% SATURATION TRANSFERRIN,TOTAL CHOLESTEROL / HDL CHOLESTEROL,0.89,Anemia
% SATURATION TRANSFERRIN,IRON (FE),0.86,Anemia
% SATURATION TRANSFERRIN,THYROID STIMULATING HORMONE - TSH,0.82,Anemia
% SATURATION TRANSFERRIN,MEAN CORPUSCULAR HAEMOGLOBIN (MCH),0.83,Anemia
% SATURATION TRANSFERRIN,ESTIMATED AVERAGE PLASMA GLUCOSE,0.75,Anemia
% SATURATION TRANSFERRIN,LDL / HDL CHOLESTEROL RATIO,0.94,Anemia
% SATURATION TRANSFERRIN,ALKALINE PHOSPHATASE (ALP),0.74,Anemia
% SATURATION TRANSFERRIN,MEAN CORPUSCULAR HB CONCENTRATION (MCHC),0.71,Anemia
VERY LOW DENSITY LIPOPROTEIN VLDL,EPITHELIAL CELLS,0.86,Lipids
VERY LOW DENSITY LIPOPROTEIN VLDL,GAMMA GT,0.75,Lipids
VERY LOW DENSITY LIPOPROTEIN VLDL,BILIRUBIN INDIRECT,0.87,Lipids
VERY LOW DENSITY LIPOPROTEIN VLDL,BILIRUBIN TOTAL,0.77,Lipids
VERY LOW DENSITY LIPOPROTEIN VLDL,ABSOLUTE EOSINOPHIL COUNT (AEC),0.92,Lipids
VERY LOW DENSITY LIPOPROTEIN VLDL,TOTAL LIPID,0.77,Lipids
VERY LOW DENSITY LIPOPROTEIN VLDL,EOSINOPHIL,0.87,Lipids
VERY LOW DENSITY LIPOPROTEIN VLDL,SERUM CREATININE,0.7,Lipids
UIBC,ALBUMIN SERUM,0.74,Anemia
UIBC,SODIUM (NA+),0.74,Anemia
UIBC,TIBC,0.8,Anemia
UIBC,TRANSFERRIN SERUM,0.8,Anemia
UIBC,ALKALINE PHOSPHATASE (ALP),0.79,Anemia
UIBC,PLATELET COUNT,0.88,Anemia
UIBC,TOTAL TRI IODOTHYRONINE - T3,0.85,Anemia
UIBC,P-LCC,0.79,Anemia
UIBC,PROTEIN TOTAL SERUM,0.94,Anemia
SPECIFIC GRAVITY,GAMMA GT,0.8,Urine
SPECIFIC GRAVITY,TOTAL LIPID,0.7,Urine
INORGANIC PHOSPHORUS,NEUTROPHIL,0.71,KFT
LOW DENSITY LIPOPROTEIN,BILIRUBIN DIRECT,0.8,Lipids
LOW DENSITY LIPOPROTEIN,MEAN CORPUSCULAR HAEMOGLOBIN (MCH),0.74,Lipids
LOW DENSITY LIPOPROTEIN,NON- HDL CHOLESTEROL,0.9,Lipids
LOW DENSITY LIPOPROTEIN,MEAN CORPUSCULAR HB CONCENTRATION (MCHC),0.91,Lipids
LOW DENSITY LIPOPROTEIN,TOTAL CHOLESTEROL SERUM,0.74,Lipids
LOW DENSITY LIPOPROTEIN,ALBUMIN / GLOBULIN RATIO,0.73,Lipids
SODIUM (NA+),UIBC,0.74,Electrolytes
SODIUM (NA+),PLATELET COUNT,0.88,Electrolytes
SGPT / ALT,HIGH DENSITY LIPOPROTEIN CHOLESTEROL,0.8,LFT
SGPT / ALT,RBC DISTRIBUTION WIDTH (RDW-SD),0.75,LFT
SGPT / ALT,BILIRUBIN INDIRECT,0.85,LFT
SGPT / ALT,EOSINOPHIL,0.77,LFT
SGPT / ALT,SERUM CREATININE,0.88,LFT
LIC (METHOD: FLOW CYTOMETRY),EGFR,0.81,DLC
LIC (METHOD: FLOW CYTOMETRY),HBA1C (GLYCOSYLATED HEMOGLOBIN),0.71,DLC
LIC (METHOD: FLOW CYTOMETRY),THYROID STIMULATING HORMONE - TSH,0.93,DLC
LIC (METHOD: FLOW CYTOMETRY),P-LCR,0.83,DLC
LIC (METHOD: FLOW CYTOMETRY),ESTIMATED AVERAGE PLASMA GLUCOSE,0.71,DLC
LIC (METHOD: FLOW CYTOMETRY),TOTAL CALCIUM (CA),0.79,DLC
GLOBULIN SERUM,SERUM URIC ACID,0.9,LFT
GLOBULIN SERUM,MONOCYTE,0.81,LFT
GLOBULIN SERUM,VOLUME,0.79,LFT
GLOBULIN SERUM,ABSOLUTE NEUTROPHIL COUNT(ANC),0.9,LFT
GLOBULIN SERUM,ALKALINE PHOSPHATASE (ALP),0.89,LFT
GLOBULIN SERUM,ABSOLUTE MONOCYTE COUNT(AMC),0.94,LFT
GLOBULIN SERUM,TOTAL CALCIUM (CA),0.7,LFT
GLOBULIN SERUM,P-LCC,0.77,LFT
GLOBULIN SERUM,TOTAL LEUCOCYTE COUNT (TLC),0.81,LFT
MEAN CORPUSCULAR HAEMOGLOBIN (MCH),BILIRUBIN DIRECT,0.7,CBC
MEAN CORPUSCULAR HAEMOGLOBIN (MCH),TOTAL CHOLESTEROL / HDL CHOLESTEROL,0.79,CBC
MEAN CORPUSCULAR HAEMOGLOBIN (MCH),% SATURATION TRANSFERRIN,0.83,CBC
MEAN CORPUSCULAR HAEMOGLOBIN (MCH),LOW DENSITY LIPOPROTEIN,0.74,CBC
MEAN CORPUSCULAR HAEMOGLOBIN (MCH),LDL / HDL CHOLESTEROL RATIO,0.79,CBC
MEAN CORPUSCULAR HAEMOGLOBIN (MCH),MEAN CORPUSCULAR HB CONCENTRATION (MCHC),0.9,CBC
GAMMA GT,VERY LOW DENSITY LIPOPROTEIN VLDL,0.75,LFT
GAMMA GT,SPECIFIC GRAVITY,0.8,LFT
GAMMA GT,TRIGLYCERIDES SERUM,0.75,LFT
GAMMA GT,ABSOLUTE EOSINOPHIL COUNT (AEC),0.71,LFT
GAMMA GT,TOTAL LIPID,0.92,LFT
GAMMA GT,EOSINOPHIL,0.93,LFT
GAMMA GT,SERUM VITAMIN B12,0.73,LFT
GAMMA GT,SERUM CREATININE,0.71,LFT
P-LCR,MONOCYTE,0.82,DLC
P-LCR,THYROID STIMULATING HORMONE - TSH,0.74,DLC
P-LCR,LIC (METHOD: FLOW CYTOMETRY),0.83,DLC
P-LCR,ALKALINE PHOSPHATASE (ALP),0.75,DLC
P-LCR,TOTAL CALCIUM (CA),0.82,DLC
P-LCR,RBC DISTRIBUTION WIDTH (RDW-CV),0.71,DLC
BASOPHIL,ABSOLUTE BASOPHIL COUNT,0.94,DLC
BASOPHIL,PDW,0.91,DLC
ABSOLUTE NEUTROPHIL COUNT(ANC),SERUM URIC ACID,0.88,DLC
ABSOLUTE NEUTROPHIL COUNT(ANC),EPITHELIAL CELLS,0.74,DLC
ABSOLUTE NEUTROPHIL COUNT(ANC),VOLUME,0.84,DLC
ABSOLUTE NEUTROPHIL COUNT(ANC),GLOBULIN SERUM,0.9,DLC
ABSOLUTE NEUTROPHIL COUNT(ANC),ABSOLUTE MONOCYTE COUNT(AMC),0.89,DLC
ABSOLUTE NEUTROPHIL COUNT(ANC),SGOT / AST,0.84,DLC
ABSOLUTE NEUTROPHIL COUNT(ANC),TOTAL LEUCOCYTE COUNT (TLC),0.97,DLC
NON- HDL CHOLESTEROL,BILIRUBIN DIRECT,0.77,Lipids
NON- HDL CHOLESTEROL,LOW DENSITY LIPOPROTEIN,0.9,Lipids
NON- HDL CHOLESTEROL,BUN / CREATININE RATIO,0.87,Lipids
NON- HDL CHOLESTEROL,BLOOD UREA,0.81,Lipids
NON- HDL CHOLESTEROL,MPV,0.77,Lipids
NON- HDL CHOLESTEROL,MEAN CORPUSCULAR HB CONCENTRATION (MCHC),0.93,Lipids
NON- HDL CHOLESTEROL,TOTAL CHOLESTEROL SERUM,0.92,Lipids
NON- HDL CHOLESTEROL,TOTAL LIPID,0.7,Lipids
NON- HDL CHOLESTEROL,BLOOD UREA NITROGEN (BUN),0.79,Lipids
NON- HDL CHOLESTEROL,UREA / CREATININE RATIO,0.86,Lipids
NON-IONIZED CALCIUM,SGOT/SGPT RATIO,0.75,Electrolytes
NON-IONIZED CALCIUM,ABSOLUTE LYMPHOCYTE COUNT (ALC),0.81,Electrolytes
NON-IONIZED CALCIUM,IONIZED CALCIUM,0.8,Electrolytes
RBC DISTRIBUTION WIDTH (RDW-SD),SGPT / ALT,0.75,CBC
RBC DISTRIBUTION WIDTH (RDW-SD),SGOT / AST,0.89,CBC
BILIRUBIN INDIRECT,VERY LOW DENSITY LIPOPROTEIN VLDL,0.87,LFT
BILIRUBIN INDIRECT,SGPT / ALT,0.85,LFT
BILIRUBIN INDIRECT,TRIGLYCERIDES SERUM,0.87,LFT
BILIRUBIN INDIRECT,BUN / CREATININE RATIO,0.7,LFT
BILIRUBIN INDIRECT,BLOOD UREA,0.8,LFT
BILIRUBIN INDIRECT,BILIRUBIN TOTAL,0.92,LFT
BILIRUBIN INDIRECT,ABSOLUTE EOSINOPHIL COUNT (AEC),0.73,LFT
BILIRUBIN INDIRECT,TOTAL LIPID,0.8,LFT
BILIRUBIN INDIRECT,EOSINOPHIL,0.9,LFT
BILIRUBIN INDIRECT,BLOOD UREA NITROGEN (BUN),0.82,LFT
BILIRUBIN INDIRECT,SERUM CREATININE,0.72,LFT
BILIRUBIN INDIRECT,UREA / CREATININE RATIO,0.7,LFT
TIBC,HBA1C (GLYCOSYLATED HEMOGLOBIN),0.72,Anemia
TIBC,ALBUMIN SERUM,0.78,Anemia
TIBC,UIBC,0.8,Anemia
TIBC,ESTIMATED AVERAGE PLASMA GLUCOSE,0.72,Anemia
TIBC,ALKALINE PHOSPHATASE (ALP),0.89,Anemia
TIBC,TOTAL TRI IODOTHYRONINE - T3,0.9,Anemia
TIBC,P-LCC,0.76,Anemia
TIBC,PROTEIN TOTAL SERUM,0.84,Anemia
ESTIMATED AVERAGE PLASMA GLUCOSE,IRON (FE),0.95,Diabetes
ESTIMATED AVERAGE PLASMA GLUCOSE,THYROID STIMULATING HORMONE - TSH,0.87,Diabetes
ESTIMATED AVERAGE PLASMA GLUCOSE,% SATURATION TRANSFERRIN,0.75,Diabetes
ESTIMATED AVERAGE PLASMA GLUCOSE,LIC (METHOD: FLOW CYTOMETRY),0.71,Diabetes
ESTIMATED AVERAGE PLASMA GLUCOSE,TIBC,0.72,Diabetes
ESTIMATED AVERAGE PLASMA GLUCOSE,TRANSFERRIN SERUM,0.72,Diabetes
ESTIMATED AVERAGE PLASMA GLUCOSE,ALKALINE PHOSPHATASE (ALP),0.84,Diabetes
TRIGLYCERIDES SERUM,EPITHELIAL CELLS,0.86,Lipids
TRIGLYCERIDES SERUM,GAMMA GT,0.75,Lipids
TRIGLYCERIDES SERUM,BILIRUBIN INDIRECT,0.87,Lipids
TRIGLYCERIDES SERUM,BILIRUBIN TOTAL,0.77,Lipids
TRIGLYCERIDES SERUM,ABSOLUTE EOSINOPHIL COUNT (AEC),0.92,Lipids
TRIGLYCERIDES SERUM,TOTAL LIPID,0.77,Lipids
TRIGLYCERIDES SERUM,EOSINOPHIL,0.87,Lipids
TRIGLYCERIDES SERUM,SERUM CREATININE,0.7,Lipids
BUN / CREATININE RATIO,NON- HDL CHOLESTEROL,0.87,KFT
BUN / CREATININE RATIO,BILIRUBIN INDIRECT,0.7,KFT
BUN / CREATININE RATIO,BLOOD UREA,0.97,KFT
BUN / CREATININE RATIO,BILIRUBIN TOTAL,0.9,KFT
BUN / CREATININE RATIO,MPV,0.83,KFT
BUN / CREATININE RATIO,MEAN CORPUSCULAR HB CONCENTRATION (MCHC),0.84,KFT
BUN / CREATININE RATIO,TOTAL CHOLESTEROL SERUM,0.83,KFT
BUN / CREATININE RATIO,TOTAL LIPID,0.83,KFT
BUN / CREATININE RATIO,EOSINOPHIL,0.77,KFT
BUN / CREATININE RATIO,RBC DISTRIBUTION WIDTH (RDW-CV),0.75,KFT
BUN / CREATININE RATIO,BLOOD UREA NITROGEN (BUN),0.96,KFT
LYMPHOCYTE,ALBUMIN / GLOBULIN RATIO,0.7,DLC
LYMPHOCYTE,CHLORIDE (CL-),0.86,DLC
LDL / HDL CHOLESTEROL RATIO,EGFR,0.77,Lipids
LDL / HDL CHOLESTEROL RATIO,BILIRUBIN DIRECT,0.78,Lipids
LDL / HDL CHOLESTEROL RATIO,TOTAL CHOLESTEROL / HDL CHOLESTEROL,0.98,Lipids
LDL / HDL CHOLESTEROL RATIO,% SATURATION TRANSFERRIN,0.94,Lipids
LDL / HDL CHOLESTEROL RATIO,MEAN CORPUSCULAR HAEMOGLOBIN (MCH),0.79,Lipids
LDL / HDL CHOLESTEROL RATIO,LDH,0.8,Lipids
TRANSFERRIN SERUM,HBA1C (GLYCOSYLATED HEMOGLOBIN),0.72,Anemia
TRANSFERRIN SERUM,ALBUMIN SERUM,0.78,Anemia
TRANSFERRIN SERUM,UIBC,0.8,Anemia
TRANSFERRIN SERUM,ESTIMATED AVERAGE PLASMA GLUCOSE,0.72,Anemia
TRANSFERRIN SERUM,ALKALINE PHOSPHATASE (ALP),0.89,Anemia
TRANSFERRIN SERUM,TOTAL TRI IODOTHYRONINE - T3,0.9,Anemia
TRANSFERRIN SERUM,P-LCC,0.76,Anemia
TRANSFERRIN SERUM,PROTEIN TOTAL SERUM,0.84,Anemia
BLOOD UREA,NON- HDL CHOLESTEROL,0.81,KFT
BLOOD UREA,BILIRUBIN INDIRECT,0.8,KFT
BLOOD UREA,BUN / CREATININE RATIO,0.97,KFT
BLOOD UREA,BILIRUBIN TOTAL,0.93,KFT
BLOOD UREA,MPV,0.81,KFT
BLOOD UREA,MEAN CORPUSCULAR HB CONCENTRATION (MCHC),0.72,KFT
BLOOD UREA,TOTAL CHOLESTEROL SERUM,0.87,KFT
BLOOD UREA,TOTAL LIPID,0.92,KFT
BLOOD UREA,EOSINOPHIL,0.89,KFT
BLOOD UREA,UREA / CREATININE RATIO,0.97,KFT
BILIRUBIN TOTAL,VERY LOW DENSITY LIPOPROTEIN VLDL,0.77,LFT
BILIRUBIN TOTAL,BILIRUBIN INDIRECT,0.92,LFT
BILIRUBIN TOTAL,TRIGLYCERIDES SERUM,0.77,LFT
BILIRUBIN TOTAL,BUN / CREATININE RATIO,0.9,LFT
BILIRUBIN TOTAL,BLOOD UREA,0.93,LFT
BILIRUBIN TOTAL,TOTAL LIPID,0.86,LFT
BILIRUBIN TOTAL,EOSINOPHIL,0.89,LFT
BILIRUBIN TOTAL,BLOOD UREA NITROGEN (BUN),0.94,LFT
BILIRUBIN TOTAL,UREA / CREATININE RATIO,0.9,LFT
MPV,NON- HDL CHOLESTEROL,0.77,DLC
MPV,BUN / CREATININE RATIO,0.83,DLC
MPV,BLOOD UREA,0.81,DLC
MPV,MEAN CORPUSCULAR HB CONCENTRATION (MCHC),0.75,DLC
MPV,TOTAL CHOLESTEROL SERUM,0.79,DLC
MPV,RBC DISTRIBUTION WIDTH (RDW-CV),0.72,DLC
MPV,BLOOD UREA NITROGEN (BUN),0.79,DLC
MPV,UREA / CREATININE RATIO,0.83,DLC
MPV,PUS CELLS,0.79,DLC
ALKALINE PHOSPHATASE (ALP),EGFR,0.81,LFT
ALKALINE PHOSPHATASE (ALP),VITAMIN D 25 HYDROXY (TOTAL),0.77,LFT
ALKALINE PHOSPHATASE (ALP),HBA1C (GLYCOSYLATED HEMOGLOBIN),0.84,LFT
ALKALINE PHOSPHATASE (ALP),ALBUMIN SERUM,0.91,LFT
ALKALINE PHOSPHATASE (ALP),IRON (FE),0.85,LFT
ALKALINE PHOSPHATASE (ALP),THYROID STIMULATING HORMONE - TSH,0.99,LFT
ALKALINE PHOSPHATASE (ALP),% SATURATION TRANSFERRIN,0.74,LFT
ALKALINE PHOSPHATASE (ALP),UIBC,0.79,LFT
ALKALINE PHOSPHATASE (ALP),GLOBULIN SERUM,0.89,LFT
ALKALINE PHOSPHATASE (ALP),P-LCR,0.75,LFT
ALKALINE PHOSPHATASE (ALP),TIBC,0.89,LFT
ALKALINE PHOSPHATASE (ALP),ESTIMATED AVERAGE PLASMA GLUCOSE,0.84,LFT
ALKALINE PHOSPHATASE (ALP),TRANSFERRIN SERUM,0.89,LFT
ALKALINE PHOSPHATASE (ALP),ABSOLUTE MONOCYTE COUNT(AMC),0.99,LFT
ALKALINE PHOSPHATASE (ALP),TOTAL CALCIUM (CA),0.88,LFT
ALKALINE PHOSPHATASE (ALP),PROTEIN TOTAL SERUM,0.88,LFT
ALKALINE PHOSPHATASE (ALP),POTASSIUM (K+),0.71,LFT
MEAN CORPUSCULAR HB CONCENTRATION (MCHC),BILIRUBIN DIRECT,0.84,CBC
MEAN CORPUSCULAR HB CONCENTRATION (MCHC),% SATURATION TRANSFERRIN,0.71,CBC
MEAN CORPUSCULAR HB CONCENTRATION (MCHC),LOW DENSITY LIPOPROTEIN,0.91,CBC
MEAN CORPUSCULAR HB CONCENTRATION (MCHC),MEAN CORPUSCULAR HAEMOGLOBIN (MCH),0.9,CBC
MEAN CORPUSCULAR HB CONCENTRATION (MCHC),NON- HDL CHOLESTEROL,0.93,CBC
MEAN CORPUSCULAR HB CONCENTRATION (MCHC),BUN / CREATININE RATIO,0.84,CBC
MEAN CORPUSCULAR HB CONCENTRATION (MCHC),BLOOD UREA,0.72,CBC
MEAN CORPUSCULAR HB CONCENTRATION (MCHC),MPV,0.75,CBC
MEAN CORPUSCULAR HB CONCENTRATION (MCHC),TOTAL CHOLESTEROL SERUM,0.75,CBC
MEAN CORPUSCULAR HB CONCENTRATION (MCHC),UREA / CREATININE RATIO,0.84,CBC
TOTAL THYROXINE - T4,HIGH DENSITY LIPOPROTEIN CHOLESTEROL,0.72,Thyroid
ABSOLUTE MONOCYTE COUNT(AMC),SERUM URIC ACID,0.99,DLC
ABSOLUTE MONOCYTE COUNT(AMC),EPITHELIAL CELLS,0.72,DLC
ABSOLUTE MONOCYTE COUNT(AMC),MONOCYTE,0.86,DLC
ABSOLUTE MONOCYTE COUNT(AMC),VOLUME,0.93,DLC
ABSOLUTE MONOCYTE COUNT(AMC),GLOBULIN SERUM,0.94,DLC
ABSOLUTE MONOCYTE COUNT(AMC),ABSOLUTE NEUTROPHIL COUNT(ANC),0.89,DLC
ABSOLUTE MONOCYTE COUNT(AMC),ALKALINE PHOSPHATASE (ALP),0.99,DLC
ABSOLUTE MONOCYTE COUNT(AMC),TOTAL CALCIUM (CA),0.79,DLC
ABSOLUTE MONOCYTE COUNT(AMC),TOTAL LEUCOCYTE COUNT (TLC),0.85,DLC
ABSOLUTE EOSINOPHIL COUNT (AEC),EPITHELIAL CELLS,0.95,DLC
ABSOLUTE EOSINOPHIL COUNT (AEC),VOLUME,0.78,DLC
ABSOLUTE EOSINOPHIL COUNT (AEC),VERY LOW DENSITY LIPOPROTEIN VLDL,0.92,DLC
ABSOLUTE EOSINOPHIL COUNT (AEC),GAMMA GT,0.71,DLC
ABSOLUTE EOSINOPHIL COUNT (AEC),BILIRUBIN INDIRECT,0.73,DLC
ABSOLUTE EOSINOPHIL COUNT (AEC),TRIGLYCERIDES SERUM,0.92,DLC
ABSOLUTE EOSINOPHIL COUNT (AEC),EOSINOPHIL,0.7,DLC
ABSOLUTE EOSINOPHIL COUNT (AEC),SERUM CREATININE,0.7,DLC
PDW,ABSOLUTE BASOPHIL COUNT,0.97,DLC
PDW,BASOPHIL,0.91,DLC
PDW,MEAN CORPUSCULAR VOLUME (MCV),0.73,DLC
TOTAL CALCIUM (CA),SERUM URIC ACID,0.79,Electrolytes
TOTAL CALCIUM (CA),MONOCYTE,0.86,Electrolytes
TOTAL CALCIUM (CA),LIC (METHOD: FLOW CYTOMETRY),0.79,Electrolytes
TOTAL CALCIUM (CA),GLOBULIN SERUM,0.7,Electrolytes
TOTAL CALCIUM (CA),P-LCR,0.82,Electrolytes
TOTAL CALCIUM (CA),ALKALINE PHOSPHATASE (ALP),0.88,Electrolytes
TOTAL CALCIUM (CA),ABSOLUTE MONOCYTE COUNT(AMC),0.79,Electrolytes
TOTAL CHOLESTEROL SERUM,LOW DENSITY LIPOPROTEIN,0.74,Lipids
TOTAL CHOLESTEROL SERUM,NON- HDL CHOLESTEROL,0.92,Lipids
TOTAL CHOLESTEROL SERUM,BUN / CREATININE RATIO,0.83,Lipids
TOTAL CHOLESTEROL SERUM,BLOOD UREA,0.87,Lipids
TOTAL CHOLESTEROL SERUM,MPV,0.79,Lipids
TOTAL CHOLESTEROL SERUM,MEAN CORPUSCULAR HB CONCENTRATION (MCHC),0.75,Lipids
TOTAL CHOLESTEROL SERUM,TOTAL LIPID,0.85,Lipids
TOTAL CHOLESTEROL SERUM,EOSINOPHIL,0.73,Lipids
TOTAL CHOLESTEROL SERUM,BLOOD UREA NITROGEN (BUN),0.86,Lipids
TOTAL CHOLESTEROL SERUM,UREA / CREATININE RATIO,0.83,Lipids
PLATELET COUNT,HIGH DENSITY LIPOPROTEIN CHOLESTEROL,0.81,DLC
PLATELET COUNT,UIBC,0.88,DLC
PLATELET COUNT,SODIUM (NA+),0.88,DLC
PLATELET COUNT,PROTEIN TOTAL SERUM,0.72,DLC
ALBUMIN / GLOBULIN RATIO,LOW DENSITY LIPOPROTEIN,0.73,LFT
ALBUMIN / GLOBULIN RATIO,LYMPHOCYTE,0.7,LFT
ALBUMIN / GLOBULIN RATIO,CHLORIDE (CL-),0.79,LFT
TOTAL LIPID,VERY LOW DENSITY LIPOPROTEIN VLDL,0.77,Lipids
TOTAL LIPID,SPECIFIC GRAVITY,0.7,Lipids
TOTAL LIPID,GAMMA GT,0.92,Lipids
TOTAL LIPID,NON- HDL CHOLESTEROL,0.7,Lipids
TOTAL LIPID,BILIRUBIN INDIRECT,0.8,Lipids
TOTAL LIPID,TRIGLYCERIDES SERUM,0.77,Lipids
TOTAL LIPID,BUN / CREATININE RATIO,0.83,Lipids
TOTAL LIPID,BLOOD UREA,0.92,Lipids
TOTAL LIPID,BILIRUBIN TOTAL,0.86,Lipids
TOTAL LIPID,TOTAL CHOLESTEROL SERUM,0.85,Lipids
TOTAL LIPID,EOSINOPHIL,0.97,Lipids
TOTAL LIPID,BLOOD UREA NITROGEN (BUN),0.93,Lipids
TOTAL LIPID,SERUM CREATININE,0.76,Lipids
TOTAL LIPID,UREA / CREATININE RATIO,0.83,Lipids
ABSOLUTE LYMPHOCYTE COUNT (ALC),NON-IONIZED CALCIUM,0.81,DLC
ABSOLUTE LYMPHOCYTE COUNT (ALC),TOTAL LEUCOCYTE COUNT (TLC),0.85,DLC
TOTAL TRI IODOTHYRONINE - T3,UIBC,0.85,Thyroid
TOTAL TRI IODOTHYRONINE - T3,TIBC,0.9,Thyroid
TOTAL TRI IODOTHYRONINE - T3,TRANSFERRIN SERUM,0.9,Thyroid
TOTAL TRI IODOTHYRONINE - T3,P-LCC,0.85,Thyroid
TOTAL TRI IODOTHYRONINE - T3,PROTEIN TOTAL SERUM,0.86,Thyroid
MEAN CORPUSCULAR VOLUME (MCV),ABSOLUTE BASOPHIL COUNT,0.71,CBC
MEAN CORPUSCULAR VOLUME (MCV),VITAMIN D 25 HYDROXY (TOTAL),0.76,CBC
MEAN CORPUSCULAR VOLUME (MCV),PDW,0.73,CBC
EOSINOPHIL,VERY LOW DENSITY LIPOPROTEIN VLDL,0.87,DLC
EOSINOPHIL,SGPT / ALT,0.77,DLC
EOSINOPHIL,GAMMA GT,0.93,DLC
EOSINOPHIL,BILIRUBIN INDIRECT,0.9,DLC
EOSINOPHIL,TRIGLYCERIDES SERUM,0.87,DLC
EOSINOPHIL,BUN / CREATININE RATIO,0.77,DLC
EOSINOPHIL,BLOOD UREA,0.89,DLC
EOSINOPHIL,BILIRUBIN TOTAL,0.89,DLC
EOSINOPHIL,ABSOLUTE EOSINOPHIL COUNT (AEC),0.7,DLC
EOSINOPHIL,TOTAL CHOLESTEROL SERUM,0.73,DLC
EOSINOPHIL,TOTAL LIPID,0.97,DLC
EOSINOPHIL,BLOOD UREA NITROGEN (BUN),0.91,DLC
EOSINOPHIL,SERUM CREATININE,0.81,DLC
EOSINOPHIL,UREA / CREATININE RATIO,0.77,DLC
SGOT / AST,EPITHELIAL CELLS,0.78,LFT
SGOT / AST,ABSOLUTE NEUTROPHIL COUNT(ANC),0.84,LFT
SGOT / AST,RBC DISTRIBUTION WIDTH (RDW-SD),0.89,LFT
SGOT / AST,TOTAL LEUCOCYTE COUNT (TLC),0.74,LFT
SGOT / AST,NEUTROPHIL,0.71,LFT
RBC DISTRIBUTION WIDTH (RDW-CV),BILIRUBIN DIRECT,0.84,CBC
RBC DISTRIBUTION WIDTH (RDW-CV),P-LCR,0.71,CBC
RBC DISTRIBUTION WIDTH (RDW-CV),BUN / CREATININE RATIO,0.75,CBC
RBC DISTRIBUTION WIDTH (RDW-CV),MPV,0.72,CBC
RBC DISTRIBUTION WIDTH (RDW-CV),SERUM VITAMIN B12,0.88,CBC
RBC DISTRIBUTION WIDTH (RDW-CV),UREA / CREATININE RATIO,0.75,CBC
SERUM VITAMIN B12,BILIRUBIN DIRECT,0.73,Vitamins
SERUM VITAMIN B12,GAMMA GT,0.73,Vitamins
SERUM VITAMIN B12,RBC DISTRIBUTION WIDTH (RDW-CV),0.88,Vitamins
P-LCC,UIBC,0.79,DLC
P-LCC,GLOBULIN SERUM,0.77,DLC
P-LCC,TIBC,0.76,DLC
P-LCC,TRANSFERRIN SERUM,0.76,DLC
P-LCC,TOTAL TRI IODOTHYRONINE - T3,0.85,DLC
P-LCC,PROTEIN TOTAL SERUM,0.92,DLC
CHLORIDE (CL-),LYMPHOCYTE,0.86,Electrolytes
CHLORIDE (CL-),ALBUMIN / GLOBULIN RATIO,0.79,Electrolytes
CHLORIDE (CL-),LDH,0.81,Electrolytes
BLOOD UREA NITROGEN (BUN),NON- HDL CHOLESTEROL,0.79,KFT
BLOOD UREA NITROGEN (BUN),BILIRUBIN INDIRECT,0.82,KFT
BLOOD UREA NITROGEN (BUN),BUN / CREATININE RATIO,0.96,KFT
BLOOD UREA NITROGEN (BUN),BILIRUBIN TOTAL,0.94,KFT
BLOOD UREA NITROGEN (BUN),MPV,0.79,KFT
BLOOD UREA NITROGEN (BUN),TOTAL CHOLESTEROL SERUM,0.86,KFT
BLOOD UREA NITROGEN (BUN),TOTAL LIPID,0.93,KFT
BLOOD UREA NITROGEN (BUN),EOSINOPHIL,0.91,KFT
BLOOD UREA NITROGEN (BUN),UREA / CREATININE RATIO,0.96,KFT
IONIZED CALCIUM,NON-IONIZED CALCIUM,0.8,Electrolytes
TOTAL LEUCOCYTE COUNT (TLC),SERUM URIC ACID,0.83,CBC
TOTAL LEUCOCYTE COUNT (TLC),EPITHELIAL CELLS,0.7,CBC
TOTAL LEUCOCYTE COUNT (TLC),VOLUME,0.83,CBC
TOTAL LEUCOCYTE COUNT (TLC),GLOBULIN SERUM,0.81,CBC
TOTAL LEUCOCYTE COUNT (TLC),ABSOLUTE NEUTROPHIL COUNT(ANC),0.97,CBC
TOTAL LEUCOCYTE COUNT (TLC),ABSOLUTE MONOCYTE COUNT(AMC),0.85,CBC
TOTAL LEUCOCYTE COUNT (TLC),ABSOLUTE LYMPHOCYTE COUNT (ALC),0.85,CBC
TOTAL LEUCOCYTE COUNT (TLC),SGOT / AST,0.74,CBC
NEUTROPHIL,INORGANIC PHOSPHORUS,0.71,DLC
NEUTROPHIL,SGOT / AST,0.71,DLC
SERUM CREATININE,HIGH DENSITY LIPOPROTEIN CHOLESTEROL,0.96,KFT
SERUM CREATININE,VERY LOW DENSITY LIPOPROTEIN VLDL,0.7,KFT
SERUM CREATININE,SGPT / ALT,0.88,KFT
SERUM CREATININE,GAMMA GT,0.71,KFT
SERUM CREATININE,BILIRUBIN INDIRECT,0.72,KFT
SERUM CREATININE,TRIGLYCERIDES SERUM,0.7,KFT
SERUM CREATININE,ABSOLUTE EOSINOPHIL COUNT (AEC),0.7,KFT
SERUM CREATININE,TOTAL LIPID,0.76,KFT
SERUM CREATININE,EOSINOPHIL,0.81,KFT
LDH,TOTAL CHOLESTEROL / HDL CHOLESTEROL,0.82,LFT
LDH,LDL / HDL CHOLESTEROL RATIO,0.8,LFT
LDH,CHLORIDE (CL-),0.81,LFT
UREA / CREATININE RATIO,NON- HDL CHOLESTEROL,0.86,KFT
UREA / CREATININE RATIO,BILIRUBIN INDIRECT,0.7,KFT
UREA / CREATININE RATIO,BLOOD UREA,0.97,KFT
UREA / CREATININE RATIO,BILIRUBIN TOTAL,0.9,KFT
UREA / CREATININE RATIO,MPV,0.83,KFT
UREA / CREATININE RATIO,MEAN CORPUSCULAR HB CONCENTRATION (MCHC),0.84,KFT
UREA / CREATININE RATIO,TOTAL CHOLESTEROL SERUM,0.83,KFT
UREA / CREATININE RATIO,TOTAL LIPID,0.83,KFT
UREA / CREATININE RATIO,EOSINOPHIL,0.77,KFT
UREA / CREATININE RATIO,RBC DISTRIBUTION WIDTH (RDW-CV),0.75,KFT
UREA / CREATININE RATIO,BLOOD UREA NITROGEN (BUN),0.96,KFT
PROTEIN TOTAL SERUM,UIBC,0.94,LFT
PROTEIN TOTAL SERUM,TIBC,0.84,LFT
PROTEIN TOTAL SERUM,TRANSFERRIN SERUM,0.84,LFT
PROTEIN TOTAL SERUM,ALKALINE PHOSPHATASE (ALP),0.88,LFT
PROTEIN TOTAL SERUM,PLATELET COUNT,0.72,LFT
PROTEIN TOTAL SERUM,TOTAL TRI IODOTHYRONINE - T3,0.86,LFT
PROTEIN TOTAL SERUM,P-LCC,0.92,LFT
PUS CELLS,MPV,0.79,Urine
POTASSIUM (K+),THYROID STIMULATING HORMONE - TSH,0.78,Electrolytes
POTASSIUM (K+),ALKALINE PHOSPHATASE (ALP),0.71,Electrolytes
